zone,description,start,end
A,Vacances de la Toussaint,2017-10-21,2017-11-06
B,Vacances de la Toussaint,2017-10-21,2017-11-06
C,Vacances de la Toussaint,2017-10-21,2017-11-06
A,Vacances de Noël,2017-12-23,2018-01-08
B,Vacances de Noël,2017-12-23,2018-01-08
C,Vacances de Noël,2017-12-23,2018-01-08
A,Vacances d'Hiver,2018-02-10,2018-02-26
C,Vacances d'Hiver,2018-02-17,2018-03-05
B,Vacances d'Hiver,2018-02-24,2018-03-12
A,Vacances de Printemps,2018-04-07,2018-04-23
C,Vacances de Printemps,2018-04-14,2018-04-30
B,Vacances de Printemps,2018-04-21,2018-05-07
A,Vacances d'Été,2018-07-07,2018-09-03
B,Vacances d'Été,2018-07-07,2018-09-03
C,Vacances d'Été,2018-07-07,2018-09-03
A,Vacances de la Toussaint,2018-10-20,2018-11-05
B,Vacances de la Toussaint,2018-10-20,2018-11-05
C,Vacances de la Toussaint,2018-10-20,2018-11-05
A,Vacances de Noël,2018-12-22,2019-01-07
B,Vacances de Noël,2018-12-22,2019-01-07
C,Vacances de Noël,2018-12-22,2019-01-07
B,Vacances d'Hiver,2019-02-09,2019-02-25
A,Vacances d'Hiver,2019-02-16,2019-03-04
C,Vacances d'Hiver,2019-02-23,2019-03-11
B,Vacances de Printemps,2019-04-06,2019-04-23
A,Vacances de Printemps,2019-04-13,2019-04-29
C,Vacances de Printemps,2019-04-20,2019-05-06
A,Pont de l'Ascension,2019-05-29,2019-06-03
B,Pont de l'Ascension,2019-05-29,2019-06-03
C,Pont de l'Ascension,2019-05-29,2019-06-03
A,Vacances d'Été,2019-07-06,2019-09-02
B,Vacances d'Été,2019-07-06,2019-09-02
C,Vacances d'Été,2019-07-06,2019-09-02
A,Vacances de la Toussaint,2019-10-19,2019-11-04
B,Vacances de la Toussaint,2019-10-19,2019-11-04
C,Vacances de la Toussaint,2019-10-19,2019-11-04
A,Vacances de Noël,2019-12-21,2020-01-06
B,Vacances de Noël,2019-12-21,2020-01-06
C,Vacances de Noël,2019-12-21,2020-01-06
C,Vacances d'Hiver,2020-02-08,2020-02-24
B,Vacances d'Hiver,2020-02-15,2020-03-02
A,Vacances d'Hiver,2020-02-22,2020-03-09
C,Vacances de Printemps,2020-04-04,2020-04-20
B,Vacances de Printemps,2020-04-11,2020-04-27
A,Vacances de Printemps,2020-04-18,2020-05-04
A,Pont de l'Ascension,2020-05-20,2020-05-25
B,Pont de l'Ascension,2020-05-20,2020-05-25
C,Pont de l'Ascension,2020-05-20,2020-05-25
A,Vacances d'Été,2020-07-04,2020-09-01
B,Vacances d'Été,2020-07-04,2020-09-01
C,Vacances d'Été,2020-07-04,2020-09-01
A,Vacances de la Toussaint,2020-10-17,2020-11-02
B,Vacances de la Toussaint,2020-10-17,2020-11-02
C,Vacances de la Toussaint,2020-10-17,2020-11-02
A,Vacances de Noël,2020-12-19,2021-01-04
B,Vacances de Noël,2020-12-19,2021-01-04
C,Vacances de Noël,2020-12-19,2021-01-04
A,Vacances d'Hiver,2021-02-06,2021-02-22
C,Vacances d'Hiver,2021-02-13,2021-03-01
B,Vacances d'Hiver,2021-02-20,2021-03-08
A,Vacances de Printemps,2021-04-10,2021-04-26
B,Vacances de Printemps,2021-04-10,2021-04-26
C,Vacances de Printemps,2021-04-10,2021-04-26
A,Pont de l'Ascension,2021-05-13,2021-05-17
B,Pont de l'Ascension,2021-05-13,2021-05-17
C,Pont de l'Ascension,2021-05-13,2021-05-17
A,Vacances d'Été,2021-07-06,2021-09-02
B,Vacances d'Été,2021-07-06,2021-09-02
C,Vacances d'Été,2021-07-06,2021-09-02
A,Vacances de la Toussaint,2021-10-23,2021-11-08
B,Vacances de la Toussaint,2021-10-23,2021-11-08
C,Vacances de la Toussaint,2021-10-23,2021-11-08
A,Vacances de Noël,2021-12-18,2022-01-03
B,Vacances de Noël,2021-12-18,2022-01-03
C,Vacances de Noël,2021-12-18,2022-01-03
B,Vacances d'Hiver,2022-02-05,2022-02-21
A,Vacances d'Hiver,2022-02-12,2022-02-28
C,Vacances d'Hiver,2022-02-19,2022-03-07
B,Vacances de Printemps,2022-04-09,2022-04-25
A,Vacances de Printemps,2022-04-16,2022-05-02
C,Vacances de Printemps,2022-04-23,2022-05-09
A,Pont de l'Ascension,2022-05-26,2022-05-30
B,Pont de l'Ascension,2022-05-26,2022-05-30
C,Pont de l'Ascension,2022-05-26,2022-05-30
A,Vacances d'Été,2022-07-07,2022-09-01
B,Vacances d'Été,2022-07-07,2022-09-01
C,Vacances d'Été,2022-07-07,2022-09-01
A,Vacances de la Toussaint,2022-10-22,2022-11-07
B,Vacances de la Toussaint,2022-10-22,2022-11-07
C,Vacances de la Toussaint,2022-10-22,2022-11-07
A,Vacances de Noël,2022-12-17,2023-01-03
B,Vacances de Noël,2022-12-17,2023-01-03
C,Vacances de Noël,2022-12-17,2023-01-03
A,Vacances d'Hiver,2023-02-04,2023-02-20
B,Vacances d'Hiver,2023-02-11,2023-02-27
C,Vacances d'Hiver,2023-02-18,2023-03-06
A,Vacances de Printemps,2023-04-08,2023-04-24
B,Vacances de Printemps,2023-04-15,2023-05-02
C,Vacances de Printemps,2023-04-22,2023-05-09
A,Pont de l'Ascension,2023-05-18,2023-05-22
B,Pont de l'Ascension,2023-05-18,2023-05-22
C,Pont de l'Ascension,2023-05-18,2023-05-22
A,Vacances d'Été,2023-07-08,2023-09-04
B,Vacances d'Été,2023-07-08,2023-09-04
C,Vacances d'Été,2023-07-08,2023-09-04
A,Vacances de la Toussaint,2023-10-21,2023-11-06
B,Vacances de la Toussaint,2023-10-21,2023-11-06
C,Vacances de la Toussaint,2023-10-21,2023-11-06
A,Vacances de Noël,2023-12-23,2024-01-08
B,Vacances de Noël,2023-12-23,2024-01-08
C,Vacances de Noël,2023-12-23,2024-01-08
C,Vacances d'Hiver,2024-02-10,2024-02-26
A,Vacances d'Hiver,2024-02-17,2024-03-04
B,Vacances d'Hiver,2024-02-24,2024-03-11
C,Vacances de Printemps,2024-04-06,2024-04-22
A,Vacances de Printemps,2024-04-13,2024-04-29
B,Vacances de Printemps,2024-04-20,2024-05-06
A,Pont de l'Ascension,2024-05-09,2024-05-13
B,Pont de l'Ascension,2024-05-09,2024-05-13
C,Pont de l'Ascension,2024-05-09,2024-05-13
A,Vacances d'Été,2024-07-06,2024-09-02
B,Vacances d'Été,2024-07-06,2024-09-02
C,Vacances d'Été,2024-07-06,2024-09-02
A,Vacances de la Toussaint,2024-10-19,2024-11-04
B,Vacances de la Toussaint,2024-10-19,2024-11-04
C,Vacances de la Toussaint,2024-10-19,2024-11-04
A,Vacances de Noël,2024-12-21,2025-01-06
B,Vacances de Noël,2024-12-21,2025-01-06
C,Vacances de Noël,2024-12-21,2025-01-06
B,Vacances d'Hiver,2025-02-08,2025-02-24
C,Vacances d'Hiver,2025-02-15,2025-03-03
A,Vacances d'Hiver,2025-02-22,2025-03-10
B,Vacances de Printemps,2025-04-05,2025-04-22
C,Vacances de Printemps,2025-04-12,2025-04-28
A,Vacances de Printemps,2025-04-19,2025-05-05
A,Pont de l'Ascension,2025-05-29,2025-06-02
B,Pont de l'Ascension,2025-05-29,2025-06-02
C,Pont de l'Ascension,2025-05-29,2025-06-02
A,Vacances d'Été,2025-07-05,2025-09-01
B,Vacances d'Été,2025-07-05,2025-09-01
C,Vacances d'Été,2025-07-05,2025-09-01
A,Vacances de la Toussaint,2025-10-18,2025-11-03
B,Vacances de la Toussaint,2025-10-18,2025-11-03
C,Vacances de la Toussaint,2025-10-18,2025-11-03
A,Vacances de Noël,2025-12-20,2026-01-05
B,Vacances de Noël,2025-12-20,2026-01-05
C,Vacances de Noël,2025-12-20,2026-01-05
A,Vacances d'Hiver,2026-02-07,2026-02-23
B,Vacances d'Hiver,2026-02-14,2026-03-02
C,Vacances d'Hiver,2026-02-21,2026-03-09
A,Vacances de Printemps,2026-04-04,2026-04-20
B,Vacances de Printemps,2026-04-11,2026-04-27
C,Vacances de Printemps,2026-04-18,2026-05-04
A,Pont de l'Ascension,2026-05-14,2026-05-18
B,Pont de l'Ascension,2026-05-14,2026-05-18
C,Pont de l'Ascension,2026-05-14,2026-05-18
A,Vacances d'Été,2026-07-04,2026-09-01
B,Vacances d'Été,2026-07-04,2026-09-01
C,Vacances d'Été,2026-07-04,2026-09-01
A,Vacances de la Toussaint,2026-10-17,2026-11-02
B,Vacances de la Toussaint,2026-10-17,2026-11-02
C,Vacances de la Toussaint,2026-10-17,2026-11-02
A,Vacances de Noël,2026-12-19,2027-01-04
B,Vacances de Noël,2026-12-19,2027-01-04
C,Vacances de Noël,2026-12-19,2027-01-04
C,Vacances d'Hiver,2027-02-06,2027-02-22
A,Vacances d'Hiver,2027-02-13,2027-03-01
B,Vacances d'Hiver,2027-02-20,2027-03-08
C,Vacances de Printemps,2027-04-03,2027-04-19
A,Vacances de Printemps,2027-04-10,2027-04-26
B,Vacances de Printemps,2027-04-17,2027-05-03
A,Vacances d'Été,2027-07-03,2027-09-02
B,Vacances d'Été,2027-07-03,2027-09-02
C,Vacances d'Été,2027-07-03,2027-09-02
A,Vacances de la Toussaint,2027-10-23,2027-11-08
B,Vacances de la Toussaint,2027-10-23,2027-11-08
C,Vacances de la Toussaint,2027-10-23,2027-11-08
A,Vacances de Noël,2027-12-18,2028-01-03
B,Vacances de Noël,2027-12-18,2028-01-03
C,Vacances de Noël,2027-12-18,2028-01-03
B,Vacances d'Hiver,2028-02-05,2028-02-21
C,Vacances d'Hiver,2028-02-12,2028-02-28
A,Vacances d'Hiver,2028-02-19,2028-03-06
B,Vacances de Printemps,2028-04-08,2028-04-24
C,Vacances de Printemps,2028-04-15,2028-05-02
A,Vacances de Printemps,2028-04-22,2028-05-09
A,Pont de l'Ascension,2028-05-25,2028-05-29
B,Pont de l'Ascension,2028-05-25,2028-05-29
C,Pont de l'Ascension,2028-05-25,2028-05-29
