station,date,frost_days,hot_days,rain_mm,heavy_rain_days,snow_days,windy_days,known_days
AIX EN PROVENCE TGV,2026-09,0,2,2.900,0,0,0,25
AIX EN PROVENCE TGV,2026-10,0,0,58.670,2,0,3,22
ANGERS SAINT LAUD,2026-09,0,0,2.800,0,0,0,25
ANGERS SAINT LAUD,2026-10,0,0,4.500,0,0,0,22
ANGOULEME,2026-09,0,4,5.300,0,0,0,25
ANGOULEME,2026-10,0,0,32.900,1,0,0,22
ANNECY,2026-09,0,2,13.200,0,0,0,25
ANNECY,2026-10,0,0,86.100,2,0,0,22
ARRAS,2026-09,0,0,21.300,0,0,0,25
ARRAS,2026-10,0,0,38.880,0,0,0,21
AVIGNON TGV,2026-09,0,4,8.500,0,0,3,25
AVIGNON TGV,2026-10,0,0,28.700,1,0,7,22
BARCELONA,2026-09,0,0,71.200,0,0,0,25
BARCELONA,2026-10,0,0,171.150,2,0,0,22
BELLEGARDE (AIN),2026-09,0,2,17.000,0,0,0,25
BELLEGARDE (AIN),2026-10,0,0,46.300,1,0,0,22
BESANCON FRANCHE COMTE TGV,2026-09,0,1,21.900,0,0,0,25
BESANCON FRANCHE COMTE TGV,2026-10,0,0,23.400,0,0,0,22
BORDEAUX ST JEAN,2026-09,0,4,5.400,0,0,0,25
BORDEAUX ST JEAN,2026-10,0,0,3.700,0,0,0,22
BREST,2026-09,0,0,24.400,0,0,0,25
BREST,2026-10,0,0,27.200,0,0,0,22
CHAMBERY CHALLES LES EAUX,2026-09,0,3,33.100,1,0,0,25
CHAMBERY CHALLES LES EAUX,2026-10,0,0,136.400,3,0,0,22
DIJON VILLE,2026-09,0,1,15.000,0,0,0,25
DIJON VILLE,2026-10,0,0,11.700,0,0,0,22
DOUAI,2026-09,0,0,22.100,0,0,0,25
DOUAI,2026-10,0,0,42.050,0,0,0,21
DUNKERQUE,2026-09,0,0,69.300,0,0,0,25
DUNKERQUE,2026-10,0,0,45.250,1,0,2,21
FRANCFORT,2026-09,0,0,13.700,0,0,0,25
FRANCFORT,2026-10,0,0,46.800,0,0,0,22
GENEVE,2026-09,0,2,18.800,0,0,0,25
GENEVE,2026-10,0,0,48.400,1,0,0,22
GRENOBLE,2026-09,0,3,8.500,0,0,0,25
GRENOBLE,2026-10,0,0,57.500,2,0,0,22
ITALIE,2026-09,0,1,49.300,1,0,0,25
ITALIE,2026-10,0,0,7.130,0,0,0,22
LA ROCHELLE VILLE,2026-09,0,1,5.100,0,0,0,25
LA ROCHELLE VILLE,2026-10,0,0,8.950,0,0,0,22
LAUSANNE,2026-09,0,0,14.200,0,0,0,25
LAUSANNE,2026-10,0,0,43.300,1,0,0,22
LAVAL,2026-09,0,0,1.800,0,0,0,25
LAVAL,2026-10,0,0,24.300,0,0,0,22
LE CREUSOT MONTCEAU MONTCHANIN,2026-09,0,1,14.700,0,0,0,25
LE CREUSOT MONTCEAU MONTCHANIN,2026-10,0,0,14.000,0,0,0,22
LE MANS,2026-09,0,0,12.800,0,0,0,25
LE MANS,2026-10,0,0,21.700,0,0,0,22
LILLE,2026-09,0,0,46.600,1,0,0,25
LILLE,2026-10,0,0,37.000,0,0,0,21
LYON PART DIEU,2026-09,0,4,10.400,0,0,0,25
LYON PART DIEU,2026-10,0,0,22.400,0,0,0,22
MACON LOCHE,2026-09,0,4,14.600,0,0,0,25
MACON LOCHE,2026-10,0,0,11.800,0,0,0,22
MADRID,2026-09,0,12,1.900,0,0,0,25
MADRID,2026-10,0,0,45.900,0,0,0,22
MARNE LA VALLEE,2026-09,0,1,7.800,0,0,0,25
MARNE LA VALLEE,2026-10,0,0,28.100,0,0,0,22
MARSEILLE ST CHARLES,2026-09,0,0,2.000,0,0,0,25
MARSEILLE ST CHARLES,2026-10,0,0,37.200,0,0,5,22
METZ,2026-09,0,0,4.500,0,0,0,25
METZ,2026-10,0,0,34.000,0,0,0,22
MONTPELLIER,2026-09,0,3,7.300,0,0,0,25
MONTPELLIER,2026-10,0,0,9.000,0,0,0,22
MULHOUSE VILLE,2026-09,0,1,21.800,0,0,0,25
MULHOUSE VILLE,2026-10,0,0,24.600,0,0,0,22
NANCY,2026-09,0,1,4.200,0,0,0,25
NANCY,2026-10,0,0,29.400,0,0,0,22
NANTES,2026-09,0,1,0.900,0,0,0,25
NANTES,2026-10,0,0,10.130,0,0,0,22
NICE VILLE,2026-09,0,0,0.100,0,0,0,25
NICE VILLE,2026-10,0,0,30.100,1,0,0,22
NIMES,2026-09,0,4,9.500,0,0,0,25
NIMES,2026-10,0,0,71.200,1,0,0,22
PARIS EST,2026-09,0,1,18.900,0,0,0,25
PARIS EST,2026-10,0,0,16.800,0,0,0,22
PARIS LYON,2026-09,0,1,18.900,0,0,0,25
PARIS LYON,2026-10,0,0,16.800,0,0,0,22
PARIS MONTPARNASSE,2026-09,0,1,18.900,0,0,0,25
PARIS MONTPARNASSE,2026-10,0,0,16.800,0,0,0,22
PARIS NORD,2026-09,0,1,18.900,0,0,0,25
PARIS NORD,2026-10,0,0,16.800,0,0,0,22
PARIS VAUGIRARD,2026-09,0,1,18.900,0,0,0,25
PARIS VAUGIRARD,2026-10,0,0,16.800,0,0,0,22
PERPIGNAN,2026-09,0,6,4.400,0,0,0,25
PERPIGNAN,2026-10,0,0,50.200,1,0,1,22
POITIERS,2026-09,0,1,36.900,0,0,0,25
POITIERS,2026-10,0,0,6.600,0,0,0,22
QUIMPER,2026-09,0,0,10.500,0,0,0,25
QUIMPER,2026-10,0,0,22.180,0,0,0,22
REIMS,2026-09,0,0,6.500,0,0,0,25
REIMS,2026-10,0,0,20.700,0,0,0,22
RENNES,2026-09,0,1,15.000,0,0,0,25
RENNES,2026-10,0,0,17.800,0,0,0,22
SAINT ETIENNE CHATEAUCREUX,2026-09,0,2,9.100,0,0,0,25
SAINT ETIENNE CHATEAUCREUX,2026-10,0,0,26.700,0,0,0,22
ST MALO,2026-09,0,1,12.900,0,0,1,25
ST MALO,2026-10,0,0,14.460,0,0,2,22
ST PIERRE DES CORPS,2026-09,0,0,27.900,0,0,0,25
ST PIERRE DES CORPS,2026-10,0,0,13.800,0,0,0,22
STRASBOURG,2026-09,0,2,5.400,0,0,0,25
STRASBOURG,2026-10,0,0,40.400,0,0,0,22
STUTTGART,2026-09,0,1,12.300,0,0,0,25
STUTTGART,2026-10,0,0,44.300,0,0,0,22
TOULON,2026-09,0,1,1.500,0,0,0,25
TOULON,2026-10,0,0,84.300,2,0,0,22
TOULOUSE MATABIAU,2026-09,0,3,4.000,0,0,0,25
TOULOUSE MATABIAU,2026-10,0,0,14.250,0,0,0,22
TOURCOING,2026-09,0,0,46.200,0,0,0,25
TOURCOING,2026-10,0,0,46.650,1,0,0,21
TOURS,2026-09,0,0,30.400,1,0,0,25
TOURS,2026-10,0,0,16.200,0,0,0,22
VALENCE ALIXAN TGV,2026-09,0,4,17.900,0,0,0,25
VALENCE ALIXAN TGV,2026-10,0,0,134.400,2,0,0,22
VANNES,2026-09,0,0,17.000,0,0,0,25
VANNES,2026-10,0,0,10.850,0,0,0,22
ZURICH,2026-09,0,0,15.300,0,0,0,25
ZURICH,2026-10,0,0,38.200,0,0,0,22
